<?xml version="1.0" encoding="UTF-8"?>

<Medication xmlns="http://hl7.org/fhir">
  <id value="Vaccine-MSDMMRVaxPro"/>
  <meta>
    <profile value="http://worldhealthorganization.github.io/smart/StructureDefinition/CatMeaslesVaccineProduct"/>
  </meta>
  <text>
    <status value="generated"/><div xmlns="http://www.w3.org/1999/xhtml"><p><b>Generated Narrative: Medication</b><a name="Vaccine-MSDMMRVaxPro"> </a><a name="hcVaccine-MSDMMRVaxPro"> </a></p><div style="display: inline-block; background-color: #d9e0e7; padding: 6px; margin: 4px; border: 1px solid #8da1b4; border-radius: 5px; line-height: 60%"><p style="margin-bottom: 0px">Resource Medication &quot;Vaccine-MSDMMRVaxPro&quot; </p><p style="margin-bottom: 0px">Profile: <a href="StructureDefinition-CatMeaslesVaccineProduct.html">CatMeaslesVaccineProduct</a></p></div><p><b>code</b>: M-M-RvaxPRO <span style="background: LightGoldenRodYellow; margin: 4px; border: 1px solid khaki"> (<a href="https://build.fhir.org/ig/WorldHealthOrganization/smart-immunizations-measles//CodeSystem-VaccineProducts.html">Vaccine Product codes CodeSet</a>#7680007030014)</span></p></div>
  </text>
  <code>
    <coding>
      <system value="http://smart.who.int/immunizations-measles/CodeSystem/VaccineProducts"/>
      <code value="7680007030014"/>
    </coding>
  </code>
</Medication>