{
  "resourceType" : "Bundle",
  "id" : "f14abd0e-315a-4684-9ec7-60b9a05f94ed",
  "meta" : {
    "lastUpdated" : "2024-03-24T17:27:48.470+00:00"
  },
  "type" : "collection",
  "entry" : [{
    "fullUrl" : "http://worldhealthorganization.github.io/smart/ValueSet/VSCatMeaslesVaccineProducts",
    "resource" : {
      "resourceType" : "ValueSet",
      "text" : {
        "status" : "generated",
        "div" : "<div xmlns=\"http://www.w3.org/1999/xhtml\"><p style=\"border: black 1px dotted; background-color: #EEEEEE; padding: 8px; margin-bottom: 8px\">Expansion based on <a href=\"CodeSystem-CatMeaslesVaccineProducts.html\">codesystem Catopia Vaccine Product codes CodeSet v0.1.0 (CodeSystem)</a></p><p>This value set contains 3 concepts.</p><table class=\"codes\"><tr><td style=\"white-space:nowrap\"><b>Code</b></td><td><b>System</b></td><td><b>Display</b></td></tr><tr><td style=\"white-space:nowrap\"><a name=\"http---worldhealthorganization.github.io-smart-CodeSystem-CatMeaslesVaccineProducts-20009060-2\"> </a>\u00a0\u00a0<a href=\"CodeSystem-CatMeaslesVaccineProducts.html#CatMeaslesVaccineProducts-20009060.472\">20009060/2</a></td><td>http://worldhealthorganization.github.io/smart/CodeSystem/CatMeaslesVaccineProducts</td><td>Serum Institute of India Measles vaccine</td></tr><tr><td style=\"white-space:nowrap\"><a name=\"http---worldhealthorganization.github.io-smart-CodeSystem-CatMeaslesVaccineProducts-7680007030014\"> </a>\u00a0\u00a0<a href=\"CodeSystem-CatMeaslesVaccineProducts.html#CatMeaslesVaccineProducts-7680007030014\">7680007030014</a></td><td>http://worldhealthorganization.github.io/smart/CodeSystem/CatMeaslesVaccineProducts</td><td>M-M-RvaxPRO</td></tr><tr><td style=\"white-space:nowrap\"><a name=\"http---worldhealthorganization.github.io-smart-CodeSystem-CatMeaslesVaccineProducts-0123456789\"> </a>\u00a0\u00a0<a href=\"CodeSystem-CatMeaslesVaccineProducts.html#CatMeaslesVaccineProducts-0123456789\">0123456789</a></td><td>http://worldhealthorganization.github.io/smart/CodeSystem/CatMeaslesVaccineProducts</td><td>Catopian Pharma Inc. Measles Vaccine</td></tr></table></div>"
      },
      "url" : "http://worldhealthorganization.github.io/smart/ValueSet/VSCatMeaslesVaccineProducts",
      "version" : "0.1.0",
      "name" : "VSCatMeaslesVaccineProducts",
      "title" : "Catopia MeaslesVaccine Products ValueSet",
      "status" : "draft",
      "date" : "2024-03-24T17:27:48+00:00",
      "expansion" : {
        "identifier" : "urn:uuid:fd254366-f047-49d6-b2c2-2ba3aecb2e39",
        "timestamp" : "2024-03-24T17:28:20+00:00",
        "total" : 3,
        "offset" : 0,
        "parameter" : [{
          "name" : "count",
          "valueInteger" : 1000
        },
        {
          "name" : "offset",
          "valueInteger" : 0
        },
        {
          "name" : "excludeNested",
          "valueBoolean" : false
        },
        {
          "name" : "used-codesystem",
          "valueUri" : "http://worldhealthorganization.github.io/smart/CodeSystem/CatMeaslesVaccineProducts|0.1.0"
        }],
        "contains" : [{
          "system" : "http://worldhealthorganization.github.io/smart/CodeSystem/CatMeaslesVaccineProducts",
          "code" : "20009060/2",
          "display" : "Serum Institute of India Measles vaccine"
        },
        {
          "system" : "http://worldhealthorganization.github.io/smart/CodeSystem/CatMeaslesVaccineProducts",
          "code" : "7680007030014",
          "display" : "M-M-RvaxPRO"
        },
        {
          "system" : "http://worldhealthorganization.github.io/smart/CodeSystem/CatMeaslesVaccineProducts",
          "code" : "0123456789",
          "display" : "Catopian Pharma Inc. Measles Vaccine"
        }]
      }
    }
  }]
}