{
  "codeSystems" : [
    {
      "url" : "http://worldhealthorganization.github.io/smart/ValueSet/VSCatMeaslesVaccineProducts",
      "version" : "0.1.0",
      "status" : "draft",
      "name" : "VSCatMeaslesVaccineProducts",
      "title" : "Catopia MeaslesVaccine Products ValueSet",
      "description" : "Vaccine Product Codes - representing the codes of the products currently available.",
      "systems" : [
        "http://worldhealthorganization.github.io/smart/CodeSystem/CatMeaslesVaccineProducts"
      ],
      "uses" : {
      },
      "StructureDefinition-CatMeaslesVaccineProduct.html" : "CatMeaslesVaccineProduct",
      "StructureDefinition-IMMZDCatUpdateVaccinationRecord.html" : "IMMZ.D Update Vaccination Record",
      "StructureDefinition-CatMeaslesImmunization.html" : "CatMeaslesImmunization"
    }
  ]
}
