{
  "resourceType" : "ValueSet",
  "id" : "VSCatMeaslesVaccineProducts",
  "text" : {
    "status" : "generated",
    "div" : "<div xmlns=\"http://www.w3.org/1999/xhtml\"><ul><li>Include all codes defined in <a href=\"CodeSystem-CatMeaslesVaccineProducts.html\"><code>http://worldhealthorganization.github.io/smart/CodeSystem/CatMeaslesVaccineProducts</code></a></li></ul></div>"
  },
  "url" : "http://worldhealthorganization.github.io/smart/ValueSet/VSCatMeaslesVaccineProducts",
  "version" : "0.1.0",
  "name" : "VSCatMeaslesVaccineProducts",
  "title" : "Catopia MeaslesVaccine Products ValueSet",
  "status" : "draft",
  "date" : "2024-03-24T17:27:48+00:00",
  "publisher" : "WHO",
  "contact" : [{
    "name" : "WHO",
    "telecom" : [{
      "system" : "url",
      "value" : "http://who.int"
    }]
  }],
  "description" : "Vaccine Product Codes - representing the codes of the products currently available.",
  "compose" : {
    "include" : [{
      "system" : "http://worldhealthorganization.github.io/smart/CodeSystem/CatMeaslesVaccineProducts"
    }]
  }
}