<?xml version="1.0" encoding="UTF-8"?>

<ValueSet xmlns="http://hl7.org/fhir">
  <id value="VSCatMeaslesVaccineProducts"/>
  <text>
    <status value="generated"/><div xmlns="http://www.w3.org/1999/xhtml"><ul><li>Include all codes defined in <a href="CodeSystem-CatMeaslesVaccineProducts.html"><code>http://worldhealthorganization.github.io/smart/CodeSystem/CatMeaslesVaccineProducts</code></a></li></ul></div>
  </text>
  <url value="http://worldhealthorganization.github.io/smart/ValueSet/VSCatMeaslesVaccineProducts"/>
  <version value="0.1.0"/>
  <name value="VSCatMeaslesVaccineProducts"/>
  <title value="Catopia MeaslesVaccine Products ValueSet"/>
  <status value="draft"/>
  <date value="2024-03-24T17:27:48+00:00"/>
  <publisher value="WHO"/>
  <contact>
    <name value="WHO"/>
    <telecom>
      <system value="url"/>
      <value value="http://who.int"/>
    </telecom>
  </contact>
  <description value="Vaccine Product Codes - representing the codes of the products currently available."/>
  <compose>
    <include>
      <system value="http://worldhealthorganization.github.io/smart/CodeSystem/CatMeaslesVaccineProducts"/>
    </include>
  </compose>
</ValueSet>